day,date,phase,topic,review_minutes,learn_minutes,practice_minutes,record_minutes,resource_ids,task,acceptance,artifact
1,2026-10-02,基础与算法,基线诊断：期望与哈希,5,10,35,10,core_questions;hot100_hash,完成两个短基线任务，记录独立完成程度与耗时。,理论期望有完整的取值、概率与求和过程；模拟与理论分开呈现。；代码覆盖有解、无解、重复值、负数及同一索引不得复用；接受任意有效索引对。；记录两题各自用时，以及独立完成 / 看提示 / 尚未完成，不用总分掩盖差异。,notes/day01.md
2,2026-10-03,基础与算法,期望线性性与指示变量,5,10,35,10,probability_notes;core_questions,用指示变量计算随机抽样中被抽到的不同类型数。,指示变量、补事件和求和步骤齐全。；函数覆盖 n=0、k=1 和一般正整数；明确不接受 k≤0。；用 2 句话区分“期望可加”与“概率可乘”的条件。,notes/day02.md
3,2026-10-04,基础与算法,条件概率与贝叶斯更新,5,10,35,10,probability_notes;core_questions,区分观测条件与先验，计算筛选后的后验概率。,概率树中的路径概率和总概率一致。；后验明确以“已经发生错误”为条件，没有直接比较 0.02 与 0.08。；用期望数量表核对一次，说明数量是理论期望而非实测记录。,notes/day03.md
4,2026-10-05,基础与算法,哈希计数与重复数据,5,10,35,10,hot100_hash;ds_notes,实现按首次出现顺序报告重复标识的函数。,结果包含重复标识及准确次数，每个标识只返回一次。；验证空列表、全唯一、同一值重复多次、大小写不同四种情况。；写清时间和额外空间复杂度；说出字典顺序所依赖的语言行为或显式顺序方案。,notes/day04.md
5,2026-10-06,基础与算法,方差、协方差与组合风险,5,10,35,10,probability_notes;core_questions,计算两个随机变量组成的组合收益风险，解释相关性的影响。,展开组合方差，交叉项系数正确。；三种协方差场景都使用相同权重、均值与方差。；相关系数在合法区间内，单位和标准差解释清楚。,notes/day05.md
6,2026-10-07,基础与算法,滑动窗口与连续区间,5,10,35,10,hot100_window;ds_notes,实现不重复标识的最长连续区间长度。,返回连续区间长度，没有把子序列当作区间。；验证空列表、全相同、全不同，以及重复标识在当前窗口外的情况。；解释左端点为何不能后退；时间复杂度为 O(n)。,notes/day06.md
7,2026-10-08,基础与算法,第一周检查：建模与代码,5,0,45,10,core_questions;hot100_hash,独立完成组合式检查题并归类第一周错因。,数学与代码各记录独立完成情况、耗时和卡点。；代码用明确的下标约定，区分“首次重复事件”与“重复值首次出现的位置”。；下一周只保留 2 个改进行动，写出何时检查是否有效。,notes/day07.md
8,2026-10-09,统计与时序,OLS 与残差检查,5,10,35,10,core_questions;qr_wiki,手算简单回归并用残差性质验证结果。,给出 a、b 的计算过程和 4 行残差表。；两个 OLS 代数性质通过手算或小数容差核对。；明确样本内拟合性质与样本外预测能力的区别。,notes/day08.md
9,2026-10-10,统计与时序,置信区间与假设检验,5,10,35,10,core_questions;qr_wiki,构造均值区间并辨析统计显著与研究价值。,样本标准差与均值标准误没有混用。；双侧检验与区间判断一致；不把未拒绝解释为证明零假设。；说明独立同分布正态教学假设和交易成本对结论的限制。,notes/day09.md
10,2026-10-11,统计与时序,二分查找与边界,5,10,35,10,hot100_binary;ds_notes,实现排序时间戳上的左边界查找。,重复值返回左边界，没有返回任意匹配位置。；空数组、全部小于目标、全部大于目标均处理正确。；写出循环不变量、终止条件，以及 O(log n) 复杂度。,notes/day10.md
11,2026-10-12,统计与时序,正则化与泛化,5,10,35,10,core_questions;qr_wiki,用同一训练集比较惩罚强度，并区分选择集与测试集。,三组 b 使用题目规定的同一目标尺度，没有悄悄把求和改为平均。；训练与验证指标分开呈现，选择规则清楚。；说明最终测试集不能反复用于调 lambda。,notes/day11.md
12,2026-10-13,统计与时序,动态规划：受限爬楼梯,5,10,35,10,hot100_dp1;ds_notes,定义状态、初始条件，实现含禁入台阶的递推。,明确 dp[i] 的含义，起点和越界处理合理。；禁入台阶不能被作为中间状态使用。；解释时间复杂度；能够说明空间可否压缩。,notes/day12.md
13,2026-10-14,统计与时序,时间序列泄漏审计,5,10,35,10,qr_wiki;data_wiki,按数据实际可得时间审计四个特征方案。,每项判断都依据明确时点，而非只依据日期或字段名。；区分标签可以包含未来收益与特征不能提前看到未来。；改法覆盖窗口方向、预处理拟合范围和公告发布时间。,notes/day13.md
14,2026-10-15,统计与时序,第二周检查：回归与时间边界,5,0,45,10,core_questions;hot100_binary;qr_wiki,完成回归、索引与泄漏的联合检查。,三项分别记录独立 / 提示后 / 未完成，保留真实耗时。；数学结果有残差表，代码有至少一个无匹配案例。；修订流程明确预处理参数在哪里拟合、在哪里复用。,notes/day14.md
15,2026-10-16,因子与验证,IC 与 RankIC,5,10,35,10,factor_ic;qr_wiki,在小截面上计算相关性并解释排序与幅度差别。,IC 和 RankIC 用的是同一股票对应关系。；排名方向一致，计算过程可追溯；短变式的并列项使用平均秩。；解释至少三项局限：单日样本量、时间稳定性、成本或可交易性。,notes/day15.md
16,2026-10-17,因子与验证,因子中性化,5,10,35,10,factor_ic;qr_wiki,通过回归残差去除指定暴露，并核对投影性质。,矩阵没有同时放截距和所有行业虚拟变量造成冗余。；输出每只股票的原因子、拟合值、残差。；说明中性化去掉的是指定线性暴露，不能自动消除所有风险或保证收益。,notes/day16.md
17,2026-10-18,因子与验证,分层回测与交易成本,5,10,35,10,factor_ic;qr_wiki,手算简单多空组合的毛收益、换手和净收益。,收益和成本单位一致，空头收益符号正确。；明确使用题目的双边绝对权重变化口径，没有另除以 2。；写出未包含的因素：漂移、借券、成交限制等，至少两项。,notes/day17.md
18,2026-10-19,因子与验证,堆与 Top K,5,10,35,10,hot100_stack;ds_notes,用大小受限的堆处理流式 Top K，并保留排名语义。,固定并解释并列规则，堆根代表当前应优先淘汰的候选。；覆盖 k=0、k>n、分数并列、负分数。；写出扫描 O(n log k) 与最终排序成本；说明 k=1 的处理。,notes/day18.md
19,2026-10-20,因子与验证,树 DFS 与路径状态,5,10,35,10,hot100_tree;ds_notes,计算每条根到叶路径是否达到目标和。,叶子定义正确，只有根到叶路径参与判断。；正确处理空树、单节点和负值；不得靠“当前和过大就剪枝”。；写出 O(n) 时间和 O(h) 递归栈空间；知道极深树的风险。,notes/day19.md
20,2026-10-21,因子与验证,时间序列验证与标签重叠,5,10,35,10,qr_wiki;data_wiki,为五日收益标签设计有明确边界的前向切分。,标签的首尾日期按 t+1 到 t+5 计算，没有把特征日混入标签。；修订切分展示具体区间，并验证收益日期没有跨集合重叠。；说明空档或 purge 的作用；不把一次切分当长期稳健证明。,notes/day20.md
21,2026-10-22,因子与验证,第三周检查：因子与算法,5,0,45,10,factor_ic;ds_notes;qr_wiki,核对完整因子评价流程并处理数据排名。,所有权重与股票保持对应，成本按初次建仓计算。；代码有并列最大、并列最小的案例。；缺失步骤具有操作性；记录最需要补的一个能力。,notes/day21.md
22,2026-10-23,交易与研究交付,订单簿与简化撮合,5,10,35,10,microstructure;qd_wiki,处理市场买单穿透多档卖盘，记录成交与剩余簿。,逐档满足从最低卖价开始的规则，不能跳档成交。；成交数量与未成交数量之和等于委托量，簿数量守恒。；没有虚构超出可见流动性的成交；说明模型不含完整交易所撮合规则。,notes/day22.md
23,2026-10-24,交易与研究交付,滑点、库存与做市报价,5,10,35,10,microstructure;optiver_overview,分解成交滑点并通过库存方向调整报价。,滑点使用成交量加权均价，基点换算基准明确。；三个库存情形都得到 bid<ask，正负库存含义清楚。；解释规则仅是教学模型，缺少成交概率、波动率和库存限额等真实约束。,notes/day23.md
24,2026-10-25,交易与研究交付,行情与信号的时间对齐,5,10,35,10,data_wiki;qd_wiki,按可得时间完成 as-of 对齐并拒绝未来数据。,先用接收时间过滤，再在可用集合内按交易所时间选择。；展示两个决策的候选集合；函数覆盖早于所有行情的时刻。；记录同时间戳并列的处理约定，并说明这会影响可复现性。,notes/day24.md
25,2026-10-26,交易与研究交付,迷你研究项目：先写研究协议,5,10,35,10,qr_wiki;data_wiki,预先写明合成策略的假设、数据边界和验收指标。,一页协议包含数据、价格下标、收益区间、公式和参数，不混淆 80 个价格与可计算收益数量。；信号、执行与持有三段时间线清楚，末尾不强平和首日持仓口径明确。；写明合成数据只验证流程，不能证明真实市场策略有效。,notes/day25.md
26,2026-10-27,交易与研究交付,迷你研究项目：实现简化回测,5,10,35,10,qr_wiki;qd_wiki,实现合成数据、滞后持仓、费用与净值记录。,position[t] 不依赖 p[t] 及以后价格，toy 的两个区间有可复核记录。；表中毛收益、费用与净收益一致，费用非负，净值采用复利。；输出开发指标，保留集指标未用于决策；末尾不强制平仓，未完成处如实记录。,notes/day26.md
27,2026-10-28,交易与研究交付,迷你研究项目：样本外与敏感性,5,10,35,10,qr_wiki;factor_ic,按预先固定的报告规则呈现开发敏感性与保留集结果，不使用保留结果选择窗口。,开发 6 组结果使用相同区间，不因窗口不同删掉不同数量的评价样本。；保留集报告规则在查看结果前写定；仅对基线做报告，不反向选择窗口。；成本变化不改变信号；保留集边界保持连续持仓，结论限定为合成流程观察。,notes/day27.md
28,2026-10-29,交易与研究交付,迷你研究项目：复盘与可复现交付,5,0,45,10,qr_wiki;qd_wiki;data_wiki,整理项目方法、验证证据、限制与后续一项实验。,复盘足以重建数据与时序口径，每项结果有对应窗口、成本和区间。；区分已运行检查、仅计划检查、未完成部分，说明末尾没有强制平仓。；结论只讨论教学流程，未来实验只有一项并有可验证产物。,notes/day28.md
29,2026-10-30,交易与研究交付,公司方向限时模拟：原创练习,5,10,35,10,optiver_overview;core_questions;hot100_hash,做一次原创概率、数列与代码综合模拟，记录速度与错因。,三部分分别记录耗时、是否看提示、结果依据。；概率中区分放回与不放回；数列给出逐步验证。；代码按下标对计数，没有把重复值去重；错因归入读题、模型、算术、代码边界之一。,notes/day29.md
30,2026-10-31,交易与研究交付,30 天验收与后续分支,5,0,45,10,core_questions;qr_wiki;qd_wiki;optiver_overview,核对真实学习证据，形成一份能力状态表和后续两周路线。,状态表覆盖七类能力，每个已完成声明都有笔记或代码证据。；重做记录真实呈现进步或未进步，不以“看懂”为独立完成。；后续路线只有一个主方向、三个补项；承认 30 小时不能掌握全库。,notes/day30.md
