day,date,status,actual_minutes,result,help_used,review_date,artifact,updated_at
1,2026-10-02,not_started,0,,,,notes/day01.md,
2,2026-10-03,not_started,0,,,,notes/day02.md,
3,2026-10-04,not_started,0,,,,notes/day03.md,
4,2026-10-05,not_started,0,,,,notes/day04.md,
5,2026-10-06,not_started,0,,,,notes/day05.md,
6,2026-10-07,not_started,0,,,,notes/day06.md,
7,2026-10-08,not_started,0,,,,notes/day07.md,
8,2026-10-09,not_started,0,,,,notes/day08.md,
9,2026-10-10,not_started,0,,,,notes/day09.md,
10,2026-10-11,not_started,0,,,,notes/day10.md,
11,2026-10-12,not_started,0,,,,notes/day11.md,
12,2026-10-13,not_started,0,,,,notes/day12.md,
13,2026-10-14,not_started,0,,,,notes/day13.md,
14,2026-10-15,not_started,0,,,,notes/day14.md,
15,2026-10-16,not_started,0,,,,notes/day15.md,
16,2026-10-17,not_started,0,,,,notes/day16.md,
17,2026-10-18,not_started,0,,,,notes/day17.md,
18,2026-10-19,not_started,0,,,,notes/day18.md,
19,2026-10-20,not_started,0,,,,notes/day19.md,
20,2026-10-21,not_started,0,,,,notes/day20.md,
21,2026-10-22,not_started,0,,,,notes/day21.md,
22,2026-10-23,not_started,0,,,,notes/day22.md,
23,2026-10-24,not_started,0,,,,notes/day23.md,
24,2026-10-25,not_started,0,,,,notes/day24.md,
25,2026-10-26,not_started,0,,,,notes/day25.md,
26,2026-10-27,not_started,0,,,,notes/day26.md,
27,2026-10-28,not_started,0,,,,notes/day27.md,
28,2026-10-29,not_started,0,,,,notes/day28.md,
29,2026-10-30,not_started,0,,,,notes/day29.md,
30,2026-10-31,not_started,0,,,,notes/day30.md,
